"message","created_time","id","store_name","story"
"As we were leaving just a few min ago a gentleman rushed up to the two Hispanic girls at the entry way. He told them he lost his child then described the child to them. Their response was OK we have not seen the child but, you can go to the service desk and tell them. The gentleman then walked off. My husband  then confronted the girls and told them they did not handle that very well and they should prob of got into contact with a manger right then. Their response.... Well that's his second time telling us. ARE YOU KIDDING ME!!!!  You need to address your missing child policy's with your employees!!! If you have a missing child the last thing you want is two girls have no care about it and just shoo you away! I can handle the team members  just standing around and avoiding people as they walk by all the time. But avoiding a missing child is not acceptable!!!","2016-10-01T16:06:39+0000","156654311084374_1134573156625813","Walmart5260",
"It was an outpouring of love, appreciation, school supplies and accordion music for Rogers New Technology HS Spanish teacher Martin Resendiz today. Selected as one of 20 teachers in the country for the Commander in Teach recognition from Walmart, Mr. Resendiz received supplies and a Walmart giftcard for $490, the average amount a teacher spends out of pocket for classroom supplies. Loved as a mentor, coach, and parent group leader, Mr. Resendiz was serenaded by one of his students playing his favorite song on the accordion while other students sang along. Thank you to Walmart Rogers - Pleasant Crossing Blvd and all those who recognize the hard work of teachers!!","2016-09-22T17:04:36+0000","156654311084374_1126369637446165","Walmart5260","Rogers Public Schools added 6 new photos."
"I want to brag on Tammy and the other lady working in your vision center this evening. They totally saved my week by fitting my existing lenses into new frames! So helpful and nice, and they had me out the door in my new glasses in under 10 minutes!","2016-09-21T23:50:54+0000","156654311084374_1125823847500744","Walmart5260",
"We  would just like to see THREE (3) things...  We love this pickup service!  \n\n1) But we wish we could schedule same day pickup online.  When we click on ""reserve a time"", there is never the ability to choose ""same day"".  \n\n2) After searching for an item, we wish you could sort the results by price.  That would save us the time of jumping to walmart.com to find the best deal.\n\n3) We like going to Pleasant Crossing because it is a Supercenter.  We live in Springdale and the newest Neighborhood Market has pickup, but we like ordering from a supercenter.  Wish you could have pickup at the Supercenter on Elm Springs Road.  That is VERY close to us and we'd like to keep our purchases in Springdale.\n\nWe love this service!  We think it saves us money.  Because we will take the time to find the best deal online.  When we're in the store, we don't want to take the time.  We just want to get home.  :)\n\nTHANK YOU WALMART !!!  We love you !!!","2016-08-17T15:39:58+0000","156654311084374_1092062860876843","Walmart5260",
"I was in store hours ago,do not desire anymore messages or conversations","2016-07-06T02:26:06+0000","156654311084374_1060945390655257","Walmart5260",
"I had a wonderful experience with an associate at your store! \nI called 3 other local Walmarts and none of them went above and beyond like Brianne did in the Crafts & Ribbons department! I called the store looking for a specific ribbon and was transferred to Brianne. She wasn't able to  locate it on the ribbon shelf for me right away so she then took my number and called me back shortly saying she had found what I was looking for after taking the time to search through the clearance carts for me!! I love shopping at your store because of the friendly and helpful associates there! It amazed me how much effort she put in helping me. Thank you!!","2016-06-15T18:03:11+0000","156654311084374_1047996785283451","Walmart5260",
"Thank you cart pusher Danny for walking me out to my car in the pouring rain when I had forgotten my umbrella and rain jacket today!! You're the real MVP ;)","2016-06-12T17:23:42+0000","156654311084374_1046107972138999","Walmart5260",
"The two associates currently working the newer BBQ counter in the deli deserve a huge kudos. I was highly skeptical about it but asked a few questions about it today. They were both on top of it, provided great information about bulk orders and provided samples for my wife and I which turned in to a lunch purchase for today and a planned future large order. That's the kind of customer service that drives sales.","2016-06-12T16:52:48+0000","156654311084374_1046094952140301","Walmart5260",
"Will we be required to purchase ""The Rainbow Comes and Goes"" onsite before the signing event this Saturday?  Or can we bring in our own copies?","2016-04-21T19:12:57+0000","156654311084374_1013926835357113","Walmart5260",
"Seriously 20 min In the pharmacy drive-through to simply pick up a prescription, that i gave you 5 hrs to fill. Fail. Sometimes you make it hard to like you.","2016-04-10T23:40:14+0000","156654311084374_1007527265997070","Walmart5260",
"Does your store still have a pharmacy drive thru?  If so, how is it accessed?","2016-04-09T17:45:01+0000","156654311084374_1006782929404837","Walmart5260",
"Why is 5260 always out of San Pellegrino water ?  I can find on shelf at the Pinnacle NHM but never at 5260 ?","2016-02-14T00:48:41+0000","156654311084374_968934353189695","Walmart5260",
"Your CSM Karina needs to learn her coupon lingo. When a coupon reads ""limit one coupon per purchase"" that does not mean that I can't use 5 coupons for 5 of the same item. This just means I can't use 5 coupons for the purchase of 1 item. I had over 50 coupons which is what prompted the CSM to come to the register I was at. Please take the time and teach people how to read coupons so that other people are not frustrated as I was today. I also had to wait an extra 10 min for the CSM to come over which the ladies behind me where trying to save them down because they had somewhere to be too. I like the atmosphere of this store, but the management needs to be improved.","2016-02-13T23:05:27+0000","156654311084374_968881306528333","Walmart5260",
"Your pharmacy sucks. I had to wait over an hour for meds to be ready when I called them and showed up at the appointed times. Trained Monkeys can do a better job and be more efficient.","2016-02-11T20:21:19+0000","156654311084374_967649989984798","Walmart5260",
"Hi, is the crawfish sold at this location only or another walmart as well? Do you know about of other states? How can I find out? Thank you.","2016-02-06T23:20:47+0000","156654311084374_965112670238530","Walmart5260",
"This lady is an Angel she is like my own family shes cool","2016-02-06T05:54:46+0000","156654311084374_964705310279266","Walmart5260",
"To many self checkouts and the cashier tonight on register 2 talked more than he worked.","2015-12-31T01:53:13+0000","156654311084374_945065865576544","Walmart5260",
"Really disappointed Walmart! Came in this morning to fill up balloons for my son's 4th birthday ( like I've done ever year since his first birthday!) and you are out of helium! This made both my son and me sad! He said ""is this a bad Walmart?""","2015-12-28T14:14:46+0000","156654311084374_943611725721958","Walmart5260",
"I have to say, we need more CSMs like your Kassandra!  She is amazing and saved my Gbabies Christmas!  \nTHANK YOU! !!","2015-12-21T05:05:32+0000","156654311084374_939176906165440","Walmart5260",
"When is Santa going to be there.","2015-12-12T16:10:59+0000","156654311084374_935108609905603","Walmart5260",
"The Annual Event was ran exceptional well this year. I was very impressed on how organized the store was and the amount of staff that was there.","2015-11-27T02:49:11+0000","156654311084374_927913557291775","Walmart5260",
"You all shouldn't have combined photo with electronics! The wait time to get photos are super long when you are waiting for someone to get a phone activated that's ahead of you!","2015-11-16T16:46:32+0000","156654311084374_923783074371490","Walmart5260",
"Congratulations. I have been waiting over 20 minutes for assistance in jewelry. Glad to see you love your customers.","2015-11-02T04:14:05+0000","156654311084374_918114111605053","Walmart5260",
"Is there any way the vendors and Walmart corporate people could move their meetings to a meeting room vs a main aisle in the store? They are ALWAYS in the way and quite rude..","2015-10-30T17:18:14+0000","156654311084374_917194738363657","Walmart5260",
"Are tickets needed for the Ree Drummond book signing on Friday?","2015-10-27T12:07:44+0000","156654311084374_915949121821552","Walmart5260",
"I came into the store this evening to have a prescription filled. My son's doctor gave me the prescription at our last visit and wrote ""do not fill before 10/5/15"" on it. After I waited the 45 minutes that I was told it would take, it still had not been filled because, apparently, your pharmacist and clerk don't know that October is the tenth month or that the 24th day of the month is after the 5th. I was extremely frustrated to say the least. This is not the first time something like this has happened at this location. I understand that it was a busy evening in the pharmacy, but the tenth month is definitely October and it is definitely past the 5th, but my child is still without his medication.","2015-10-25T03:47:19+0000","156654311084374_915013915248406","Walmart5260",
"What a terrible pharmacy experience! Carolyn didn't seem to know what was going on. Not only did it take 5 mins for someone to acknowledge  me but them she told me my prescription is over the counter but couldn't tell me where it was or what it was. I asked if they couldn't fill it and she said ""sure but I'm just going to grab it off the counter"" I'm already in pain I don't need the sass after being ignored. And now more waiting as I'm not sure they even know what they are filling. Horrible service!","2015-10-24T16:21:53+0000","156654311084374_914831271933337","Walmart5260",
"I don't see Cadbury Screme Eggs this year...why not?","2015-10-20T23:29:09+0000","156654311084374_913291358753995","Walmart5260",
"Just had an awesome experience getting my oil changed over lunch.  Thanks!","2015-10-19T18:39:09+0000","156654311084374_912842688798862","Walmart5260",
"Went to buy dairy free ice cream today and it was no where to be found. The sales associate could not find it anywhere either. It was moved or gotten rid of since the remodeling. Please bring it back.","2015-10-18T18:48:14+0000","156654311084374_912463828836748","Walmart5260",
"I like the inside of the store,  but the outside is terribly UGLY! That bright blue just ruins and cheapens the look of the store. Looked much better before with the neutral colors. Not sure that the new metal pole sign displays for home, grocery,  etc. were worth the trouble either, doesn't add that much. SORRY, but you asked what we thought! !","2015-10-17T00:22:07+0000","156654311084374_911775438905587","Walmart5260",
"Is there anything going on now, or does it start at 4pm?","2015-10-16T19:36:06+0000","156654311084374_911700375579760","Walmart5260",
"Loved your grand opening today! The store looks great!! Love it","2015-10-15T00:16:03+0000","156654311084374_911067488976382","Walmart5260",
"Shout out to Tabitha in the deli for providing fantastic customer service with a smile this evening!","2015-10-14T23:18:04+0000","156654311084374_911053642311100","Walmart5260",
"Yesss.... Our good ol' boys are back! Get some groceries and get your groove on with BACKROAD ANTHEM at Walmart Rogers - Pleasant Crossing Blvd  on Wednesday night.","2015-10-12T16:55:13+0000","156654311084374_910144119068719","Walmart5260","VendorMasters shared Backroad Anthem's photo."
"Will your store be participating in the America's Biggest Health Fair demo event on Saturday, Oct.10?","2015-10-07T19:23:49+0000","156654311084374_907866762629788","Walmart5260",
"I love our new store! The colors are vibrant, and, even though it's undergoing remodeling, it's very welcoming and organized.","2015-10-05T15:08:17+0000","156654311084374_907032332713231","Walmart5260",
"The new remodel has made me lose faith in Walmart. If I'm spending money in your store, then have the decency to check me out - DON'T MAKE ME DO IT MYSELF. I'm waiting in line today at one of the two checkers because I REFUSE to check myself out. I'm spending over $100 today. This is completely ridiculous.","2015-09-11T14:05:20+0000","156654311084374_895390930544038","Walmart5260",
"Quite possibly the worst experience I have ever had with this pharmacy. Had a prescription sent over for my 4 year old son. Check in first thing and was told it was bumped to the top of the priority list. Great, thanks! Still standing here an hour later waiting. But only after watching 2 pharmacy technicians laugh and joke while 3 customers were waiting. I also am a pharmacy tech. I know how long it takes to measure out water  and put in it a bottle to shake. I am at this pharmacy's mercy and it's absolutely ridiculous. Will be taking my prescriptions elsewhere from now on.","2015-08-27T18:50:31+0000","156654311084374_888411211242010","Walmart5260",
"I am writing on behalf of Police Wives of Arkansas, Inc. to request your support during the National Thank a Police Officer Day, September 19, 2015. \nPolice Wives of Arkansas is a non-profit 501(c)(3) organization supporting the law enforcement community by providing resources, support to law enforcement officers and their families, and by serving as a positive voice in the community. Our goal is to provide support in times of need and during special occasions through fundraising, donations, and volunteer work. \n\nThroughout the year members take part in many activities designed to provide support to the law enforcement community as a whole. We meet as many needs as we can with the resources that we have. All of our resources and funds come from the generosity of our members (volunteers) and businesses.\n\nThis is a great opportunity for local businesses to show their appreciation to the police officers in their communities.  Any product you could offer to the police officers would be greatly appreciated. Your contribution would be publicized to our membership and to the law enforcement community.\n\nSupporting our law enforcement officers is important to the families, fellow officers, and the communities they serve. We appreciate your generosity and support of this event and your support of Police Wives of Arkansas.","2015-08-21T19:34:55+0000","156654311084374_885685971514534","Walmart5260",
"Bike tires","2015-08-06T15:30:16+0000","156654311084374_878385555577909","Walmart5260",
"Do you still have this product? 041554209532 No longer on the shelves at other stores.","2015-07-05T15:15:04+0000","156654311084374_862237097192755","Walmart5260",
"Do we need to buy armbands for the Taya Kyle book signing Saturday or do we just get in line?","2015-05-13T01:26:48+0000","156654311084374_835608596522272","Walmart5260",
"I left my purse in a cart this morning and someone turned it in. I wish I could thank the person that found it. I am so thankful and grateful to you.I hope you have the favor returned to you sometime.","2015-03-21T19:58:05+0000","156654311084374_808822435867555","Walmart5260",
"We wet just at your store! Friendly associates, fast checkouts, and VERY clean. Great job zoning! Most organized clearance and apparel departments I have seen in a long time. Keep up the good work!","2014-12-20T16:59:30+0000","156654311084374_755978737818592","Walmart5260",
"What times are the Santa visits","2014-12-05T16:32:41+0000","156654311084374_747944618622004","Walmart5260",
"In line for .com pickup, there are 5 people in line, associate keeps answering the phone and my item seems to be lost in the system.  Why is this area under staffed when clearly so busy!?","2014-12-03T23:08:30+0000","156654311084374_747138735369259","Walmart5260",
"Hello to the managers and all associates at this wonderful store---want to share the following with you.  As I was taking home my grandson yesterday, he wanted to stop in and see if he could find some cheap running shoes.  He's no longer playing football, but wants to stay in condition and running is part of his regimen.  We went to the shoe area (between 4 and 4:30 p.m on 8/13) where your associate asked if he could help.  He directed my grandson to the other side of the aisle, but nothing caught his eye.  We went back around to where we were and your associate asked if he might be interested in their clearance shoes and promptly took us over to the clearance.  We looked at several and trying on to make sure they fit.  The 3rd pair he picked up and tried were a hit.  As my grandson pulled out $10 from his wallet, he commented, ""Grandma these are nice shoes, and thanks to Walmart's employee who directed me to them, I got a $30 pair of shoes for only $9+tax"".   So you need to know that you made my grandson (who turns l5 today), a very happy camper and impressed with the assistance he received.  Thank you so much and keep up the great customer service and training employees how important that customer service provided is to customers.   Kudos to that employee (I was remiss in not seeing his name) and to the Walmart Rogers - Pleasant Crossing Blvd crew!   LOVE THIS STORE FOR THIS VERY REASON!   (As a retired HR director in the hospitality industry, I certainly appreciated what I saw yesterday!)","2014-08-14T13:55:38+0000","156654311084374_688559874560479","Walmart5260",
"Happy 16th Anniversary to Sherry Poindexter!! Thank you for your hard work and dedication!! üòäüéâüéâüéâüéâüéâ","2014-07-31T14:28:38+0000","156654311084374_681769675239499","Walmart5260",
"Come to Walmart Rogers - Pleasant Crossing Blvd and see award winning Spiderman Marvel artist Reilly Brown and maybe go home with an original sketch! This Saturday, July 19 @ 6pm.  Plus a FREE screening of Spider-man 2 in our parking lot!  Brought to you by Kellogg's","2014-07-19T15:23:06+0000","156654311084374_675951732487960","Walmart5260",
"This store is always IN STOCK for whatever i need.","2014-07-15T13:11:38+0000","156654311084374_674136032669530","Walmart5260",
"I was just helped by the nicest associate, David in Electronics. He helped me buy the new iPhone 5s. What was a fairly lengthy process was pleasurable because he was so polite and engaging. Thank you!","2014-06-09T00:04:25+0000","156654311084374_654454871304313","Walmart5260",
"Will the easter bunny be back this coming weekend?","2014-04-15T18:25:26+0000","156654311084374_626572890759178","Walmart5260",
"I NEED A JOB.","2014-02-16T00:45:34+0000","156654311084374_596519893764478","Walmart5260",
"Who does our page for our store","2013-09-28T00:23:20+0000","156654311084374_526261914123610","Walmart5260",
"Meet Mike Wolfe American Picker Saturday, Sept 14 from 10 - 11:30.","2013-09-13T20:50:58+0000","156654311084374_520081974741604","Walmart5260",
"What do I do for an early layway pass im an associate there ","2013-09-05T03:41:30+0000","156654311084374_516225801793888","Walmart5260",
"I want to give a shout out to an angel who blessed us today. Her name is Anna and she works at the Vision Dept. It was 4:58 today when my son's glasses broke (the day before school started). Anna stayed an extra 10 minutes for us to get there and she fixed the glasses, which my son cannot see without.  Thank you Anna for your kindness. ‚ù§","2013-08-19T03:39:19+0000","156654311084374_508409525908849","Walmart5260",
"nice move guys you change the days i am off when i go on vacation   and then you make my vacation shorter and then not tell me. just WOW","2013-05-29T18:09:04+0000","156654311084374_471422649607537","Walmart5260",
"If y'all are heading out to Rogers Arkansas for the Walmart FLW Outdoors expo, or are in the area, Walmart Rogers - Pleasant Crossing Blvd has my EP for only $5!!! ","2013-04-11T14:20:17+0000","156654311084374_451740174909118","Walmart5260","Dylan Scott shared Walmart Rogers - Pleasant Crossing Blvd's photo."
"Could you please ask the Chibani business meeting going on in the dairy section to move so customers can get to the product?","2013-02-13T23:29:47+0000","156654311084374_425476664202136","Walmart5260",
"I love this store, we drive out of our way after our move to still come here. However, you have got to do something with your own employees smoking outside the front door the little benches are not far enough away for everyone walking in to not be breathing in all their nasty smells! Plus , it looks tacky they should have to go where no one can see them!","2013-01-29T16:04:36+0000","156654311084374_418176778265458","Walmart5260",
"Tried looking for holiday hours on here and the website.... was curious when you open back up?","2012-12-26T03:44:19+0000","156654311084374_399532316796571","Walmart5260",
"Thanks so much for bringing back the Polar mixed fruit and fuji apples in the glass jars. They are outstanding. Please bring back the Tribe classic humus so I don't have to go to that other grocery store in Fayetteville. #mywalmart","2012-11-10T19:47:14+0000","156654311084374_381684175248052","Walmart5260",
"Why are hours being cut dramatically while stock prices keep rising? The stock price is currently at 77.30 from 77.08 earler and was 76 on friday!","2012-10-15T18:46:41+0000","156654311084374_371493029600500","Walmart5260",
"In the recently leaked confidential Walmart memo, managers are reminded over and over of the acronym TIPS (Threaten Intimidate Promise Spy) when dealing with potential labor organizing by hourly-wage ""associates."" The widely used human resources term serves to remind managers that they cannot, by law, threaten or intimidate workers who organize, promise them benefits if they stop organizing, or spy on their activities.","2012-10-15T17:44:57+0000","156654311084374_371469626269507","Walmart5260",
"Can you get Muller yogurt in this store?","2012-09-20T13:48:49+0000","156654311084374_362033093879827","Walmart5260",
"el jueves pagando y nos vamos a la walmart a los especiales como la ven\n","2012-08-29T03:12:51+0000","156654311084374_354051741344629","Walmart5260",